method,label,group,note,total,mean_run,pre_rmse,post_rmse,valid,time_runs
global_mean,全局均值,baseline,不使用增量信息,0.013461,0.002692,1.023239,1.023239,False,0.003493;0.002517;0.002443;0.002293;0.002715
k2_count,K2 计数校准,process,两项 P/Q 头部特征与计数校准,0.030545,0.006109,1.023239,0.929948,True,0.006850;0.005868;0.005349;0.006152;0.006327
factor128,128 参因子化,process,低参数因子化映射,0.029239,0.005848,1.023239,0.925569,True,0.005570;0.009459;0.005186;0.004810;0.004213
thread_local,线程本地统计,process,并行局部统计与快速预测,0.033233,0.006647,1.023239,0.925569,True,0.007962;0.005866;0.005610;0.005955;0.007840
segment_prior,用户分段先验,process,119 段用户先验,0.094538,0.018908,1.023239,0.914846,True,0.021755;0.014096;0.017272;0.026768;0.014647
touched_refresh,触达刷新,process,只刷新触达用户和物品,0.039846,0.007969,1.023239,0.914846,True,0.009214;0.007490;0.007078;0.008566;0.007499
online_no_table,在线采样,process,update 内即时刷新,0.026549,0.005310,1.023239,0.923317,True,0.005388;0.004931;0.005288;0.005333;0.005609
final,最终 stride=4,final,计数查表与 stride=4 在线采样,0.027066,0.005413,1.023239,0.918947,True,0.005306;0.004453;0.005330;0.005587;0.006389
