threads,raw_total,raw_mean,raw_median,filter_rule,kept_count,removed_count,filtered_mean,filtered_median,filtered_total10_equiv,pre_rmse,post_rmse,valid,time_runs,kept_runs,removed_runs
1,0.062730,0.006273,0.006337,mad_z<=3.5,10,0,0.006273,0.006337,0.062730,1.023239,0.918947,True,0.006523;0.006151;0.006625;0.005738;0.005731;0.006561;0.005308;0.007686;0.007238;0.005169,0.006523;0.006151;0.006625;0.005738;0.005731;0.006561;0.005308;0.007686;0.007238;0.005169,
2,0.058323,0.005832,0.005706,mad_z<=3.5,10,0,0.005832,0.005706,0.058323,1.023239,0.918947,True,0.006215;0.005201;0.005871;0.006738;0.006245;0.005432;0.005635;0.005680;0.005575;0.005731,0.006215;0.005201;0.005871;0.006738;0.006245;0.005432;0.005635;0.005680;0.005575;0.005731,
4,0.051075,0.005108,0.004901,mad_z<=3.5,10,0,0.005108,0.004901,0.051075,1.023239,0.918947,True,0.006129;0.004873;0.006965;0.006353;0.005292;0.004073;0.004132;0.004929;0.004043;0.004286,0.006129;0.004873;0.006965;0.006353;0.005292;0.004073;0.004132;0.004929;0.004043;0.004286,
8,0.091673,0.009167,0.008998,mad_z<=3.5,10,0,0.009167,0.008998,0.091673,1.023239,0.918947,True,0.007962;0.004714;0.008012;0.010178;0.013003;0.007032;0.014849;0.005805;0.010133;0.009985,0.007962;0.004714;0.008012;0.010178;0.013003;0.007032;0.014849;0.005805;0.010133;0.009985,
16,0.117179,0.011718,0.011524,mad_z<=3.5,10,0,0.011718,0.011524,0.117179,1.023239,0.918947,True,0.010300;0.005764;0.012893;0.011092;0.010943;0.009378;0.013611;0.011956;0.018003;0.013239,0.010300;0.005764;0.012893;0.011092;0.010943;0.009378;0.013611;0.011956;0.018003;0.013239,
