threads,label,total,pre_rmse,post_rmse,valid,time_runs
1,1 线程,0.029746,1.023239,0.918947,True,0.007079;0.005577;0.005415;0.005534;0.006142
2,2 线程,0.024509,1.023239,0.918947,True,0.005254;0.004497;0.004580;0.004567;0.005610
4,4 线程,0.029402,1.023239,0.918947,True,0.010891;0.005243;0.004388;0.004096;0.004784
8,8 线程,0.046732,1.023239,0.918947,True,0.009978;0.012235;0.011101;0.007077;0.006341
16,16 线程,0.065448,1.023239,0.918947,True,0.012098;0.012536;0.015057;0.014105;0.011653
