run_id,experiment,beta,eps,mode,K,dtype,peak_rss_mb,wall_sec,iters,delta,top10_signature,jaccard_vs_beta085,kendall_tau_intersection_vs_beta085,out_path,status
1,E5_beta,0.7,1e-08,csr_block,8,float32,37.7109375,0.6010404999979073,13,7.275957614183426e-09,"75,8686,5104,725,3257,9678,468,7730,7175,6165",0.8181818181818182,0.8333333333333334,experiments\sweep_outputs\E5_beta_0.70.txt,ok
2,E5_beta,0.8,1e-08,csr_block,8,float32,37.33203125,0.6251693999947747,15,7.330527296289802e-09,"75,8686,5104,9678,725,3257,468,7730,7175,5526",1.0,0.9555555555555556,experiments\sweep_outputs\E5_beta_0.80.txt,ok
3,E5_beta,0.85,1e-08,csr_block,8,float32,37.3046875,0.5670509000046877,15,7.170456228777766e-09,"75,8686,9678,5104,725,3257,468,7730,7175,5526",1.0,1.0,experiments\sweep_outputs\E5_beta_0.85.txt,ok
4,E5_beta,0.9,1e-08,csr_block,8,float32,37.3984375,0.35591529999510385,16,7.785274647176266e-09,"75,8686,9678,5104,725,3257,468,7175,7730,5526",1.0,0.9555555555555556,experiments\sweep_outputs\E5_beta_0.90.txt,ok
5,E5_beta,0.95,1e-08,csr_block,8,float32,36.296875,0.24563770000531804,16,9.797076927497983e-09,"75,8686,9678,5104,725,468,3257,7175,5526,8880",0.8181818181818182,0.9444444444444444,experiments\sweep_outputs\E5_beta_0.95.txt,ok
6,E6_eps,0.85,1e-06,csr_block,8,float32,34.28125,0.23266639999928884,9,3.503155312500894e-07,"75,8686,9678,5104,725,3257,468,7730,7175,5526",1.0,1.0,experiments\sweep_outputs\E6_eps_1e-06.txt,ok
7,E6_eps,0.85,1e-08,csr_block,8,float32,35.34765625,0.4212262999935774,15,7.170456228777766e-09,"75,8686,9678,5104,725,3257,468,7730,7175,5526",1.0,1.0,experiments\sweep_outputs\E6_eps_1e-08.txt,ok
8,E6_eps,0.85,1e-10,csr_block,8,float32,37.75,0.5231638999975985,27,8.003553375601768e-11,"75,8686,9678,5104,725,3257,468,7730,7175,5526",1.0,1.0,experiments\sweep_outputs\E6_eps_1e-10.txt,ok
